{"last_tab":"27","website-width-slider":"1640","website-layout":"layout-full-width","layout-passepartout-frame":"1","layout-passepartout-horizontal":"","layout-passepartout-frame-modals":"1","has-nice-scroll":"0","smooth-scroll":"1","smooth-scroll-links":"","back-to-top-button":"1","back-to-top-button-mobile":"","carousel-arrows-position":"half-outside","min-js":"0","min-css":"0","enable-page-transitions":"1","page-preloader-style":"2","page-preloader-image-select":"none","page-preloader-image":{"url":"","id":"","height":"","width":"","thumbnail":"","title":"","caption":"","alt":"","description":""},"google-analytics-code-area":"","header-over-content":"1","header-always-on-top":"1","full-width-header":"1","header-height":{"height":"95px","units":"px"},"header-side-paddings":{"width":"40px","units":"px"},"header-items-spacing":{"width":"6px","units":"px"},"menu-items-spacing":{"width":"30px","units":"px"},"header-layout-select":"header-v2","header-elements-sorter":{"Header Left":{"placebo":"placebo","slideout":"Slide Out Menu"},"Header Right":{"placebo":"placebo","search":"Search","myaccount":"My account","wishlist":"Wishlist","cart":"Cart"},"Disabled":{"placebo":"placebo","textarea1":"Text area 1","textarea2":"Text area 2"}},"header-layout-textarea1":"","header-layout-textarea2":"","header-cart-type":"canvas-slide","header-cart-promo-text":"","header-burger-menu-type":"header-burger-menu-canvas-slide","header-burger-menu-hover":"slideout-menu--hover","header-burger-menu-icon-style":"av5-menu-icon__style--threelines","header-burger-menu-text":"Menu","header-burger-menu-textarea":"[av5_social align=\"center\" instagram=\"true\" facebook=\"true\" twitter=\"true\" google=\"true\" pinterest=\"true\" vimeo=\"\" youtube=\"\" vk=\"\"]","header-login-type":"header-login-link","header-search-icon-type":"icon-search","header-search-type":"search-slideout","header-search-hover":"slideout-search--click","header-search-product":"product","header-search-product-cats":"1","header-cart-counter-show":"1","header-cart-text-circle":"1","header-cart-text":"","website-logo":{"url":"http:\/\/vavenue.lifeis.design\/demos\/vavenue-manshop\/wp-content\/uploads\/2018\/06\/logo-manshop-full.png","id":"2265","height":"29","width":"137","thumbnail":"http:\/\/vavenue.lifeis.design\/demos\/vavenue-manshop\/wp-content\/uploads\/2018\/06\/logo-manshop-full.png","title":"logo-manshop-full","caption":"","alt":"","description":""},"website-retina-logo":{"url":"http:\/\/vavenue.lifeis.design\/demos\/vavenue-manshop\/wp-content\/uploads\/2018\/06\/logo-manshop-full2x.png","id":"2262","height":"58","width":"274","thumbnail":"http:\/\/vavenue.lifeis.design\/demos\/vavenue-manshop\/wp-content\/uploads\/2018\/06\/logo-manshop-full2x-150x58.png","title":"logo-manshop-full2x","caption":"","alt":"","description":""},"website-white-logo":{"url":"http:\/\/vavenue.lifeis.design\/demos\/vavenue-manshop\/wp-content\/uploads\/2018\/05\/logo-manshop-full-white.png","id":"2056","height":"29","width":"137","thumbnail":"http:\/\/vavenue.lifeis.design\/demos\/vavenue-manshop\/wp-content\/uploads\/2018\/05\/logo-manshop-full-white.png","title":"logo-manshop-full-white","caption":"","alt":"","description":""},"website-white-retina-logo":{"url":"http:\/\/vavenue.lifeis.design\/demos\/vavenue-manshop\/wp-content\/uploads\/2018\/05\/logo-manshop-full-white2x.png","id":"2057","height":"58","width":"274","thumbnail":"http:\/\/vavenue.lifeis.design\/demos\/vavenue-manshop\/wp-content\/uploads\/2018\/05\/logo-manshop-full-white2x-150x58.png","title":"logo-manshop-full-white2x","caption":"","alt":"","description":""},"website-alt-logo":{"url":"http:\/\/vavenue.lifeis.design\/demos\/vavenue-manshop\/wp-content\/uploads\/2018\/06\/logo-manshop-short.png","id":"2263","height":"17","width":"35","thumbnail":"http:\/\/vavenue.lifeis.design\/demos\/vavenue-manshop\/wp-content\/uploads\/2018\/06\/logo-manshop-short.png","title":"logo-manshop-short","caption":"","alt":"","description":""},"website-alt-retina-logo":{"url":"http:\/\/vavenue.lifeis.design\/demos\/vavenue-manshop\/wp-content\/uploads\/2018\/06\/logo-manshop-short2x.png","id":"2264","height":"34","width":"70","thumbnail":"http:\/\/vavenue.lifeis.design\/demos\/vavenue-manshop\/wp-content\/uploads\/2018\/06\/logo-manshop-short2x.png","title":"logo-manshop-short2x","caption":"","alt":"","description":""},"logo-max-height":{"height":"55px","units":"px"},"logo-font-options":{"font-family":"Georgia, serif","font-options":"","google":"1","font-backup":"","font-weight":"700","font-style":"","subsets":"","text-transform":"","font-size":"30px","line-height":"22px","letter-spacing":""},"enable-sticky-header":"1","sticky-header-resizing":"1","sticky-header-alt-logo":"1","header-mobile-visibility":"mobile-header--tiny-desktop","header-mobile-layout":"logo-menu-left","header-mobile-sticky":"1","header-mobile-logo-alternative":"1","header-mobile-search-show":"1","mobile-header-search-type":"search-slideout","header-mobile-cart-show":"1","header-mobile-wishlist-show":"1","header-mobile-account-show":"1","header-mobile-topline-textarea":"","page-layout":"no-sidebar","page-sidebar":"","page-sidebar-size":"3","page-titlearea-show":"1","page-titlearea-type":"standard","page-titlearea-breadcrumbs":"0","page-titlearea-title":"1","page-titlearea-text-color-style":"default","page-titlearea-title-color":{"color":"#000000","alpha":"1","rgba":"rgba(0,0,0,1)"},"page-titlearea-subtitle-color":{"color":"#d4d30c","alpha":"1","rgba":"rgba(212,211,12,1)"},"page-titlearea-text-above":"","page-titlearea-hero-additional-content":"","page-titlearea-background":{"background-color":"","background-image":"","media":{"id":"","height":"","width":"","thumbnail":""}},"page-titlearea-hero-height":{"height":"600px","units":"px"},"page-titlearea-hero-effect":"parallax","page-titlearea-hero-overlay-color":"","page-titlearea-hero-overlay-opacity":"50","posts-layout":"no-sidebar","posts-sidebar":"","posts-sidebar-size":"3","blog-listing-style":"classic","blog-listing-masonry-columns":"3","blog-listing-align":"left","blog-listing-readmore-style":"underlined","blog-listing-hover-style":"move-up","posts-titlearea-meta":"1","posts-titlearea-meta-all":"","blog-listing-description":"excerpt","blog-listing-meta-show":"","blog-listing-readmore-text":"Read more","blog-listing-category-show":"1","blog-listing-image-size":{"width":"1500px","height":"800px","units":"px"},"blog-pagination-type":"infinitescroll","blog-loadin-animation":"leftright","blog-search-posts-only":"","blog-post-meta":"below-title","blog-post-date-show":"1","blog-post-tags":"1","blog-post-author-show":"1","blog-post-author-centered":"1","blog-post-category-show":"1","blog-post-next-prev":"1","blog-post-next-prev-white":"1","blog-post-next-prev-style":"next-prev-style--images","blog-post-next-only":"0","blog-post-social-share":"1","blog-post-social-facebook":"1","blog-post-social-twitter":"1","blog-post-social-google":"1","blog-post-social-pinterest":"1","posts-header-white-style":"0","posts-titlearea-show":"1","posts-titlearea-type":"standard","posts-titlearea-title":"1","posts-titlearea-text-color-style":"default","posts-titlearea-title-color":{"color":"#536374","alpha":"1","rgba":"rgba(83,99,116,1)"},"posts-titlearea-subtitle-color":{"color":"#000000","alpha":"1","rgba":"rgba(0,0,0,1)"},"posts-titlearea-text-above":"Follow the Journey","posts-titlearea-hero-additional-content":"","posts-titlearea-background":{"background-color":"","background-image":"","media":{"id":"","height":"","width":"","thumbnail":""}},"posts-titlearea-hero-height":{"height":"400px","units":"px"},"posts-titlearea-hero-effect":"none","posts-titlearea-hero-overlay-color":"","posts-titlearea-hero-overlay-opacity":"80","post-titlearea-show":"1","post-titlearea-type":"standard","post-titlearea-breadcrumbs":"","post-titlearea-title":"1","post-titlearea-text-color-style":"default","post-titlearea-title-color":{"color":"#000000","alpha":"1","rgba":"rgba(0,0,0,1)"},"post-titlearea-subtitle-color":{"color":"#000000","alpha":"1","rgba":"rgba(0,0,0,1)"},"post-titlearea-text-above":"","post-titlearea-hero-additional-content":"","post-titlearea-background":{"background-color":"","background-image":"","media":{"id":"","height":"","width":"","thumbnail":"http:\/\/vavenue.lifeis.design\/demos\/vavenue-manshop\/wp-content\/uploads\/2018\/03\/blog-post-04-150x150.jpg"}},"post-titlearea-hero-height":{"height":"600px","units":"px"},"post-titlearea-hero-effect":"parallax","post-titlearea-hero-overlay-color":"#969696","post-titlearea-hero-overlay-opacity":"40","shopping-cart-icon-select":"2","woocommerce-mini-cart-limit-product":"3","mini-cart-show-when-added":"1","empty-cart-content-show":"1","empty-cart-content":"<h2 style=\"text-align: center;\">May We Suggest<\/h2>\r\n<p style=\"text-align: center;\">Check some of our best selling products<\/p>\r\n[vc_row][vc_column][top_rated_products_carousel limit=\"8\" column_desktop=\"4\" column_desktop_small=\"3\" column_table=\"2\" column_mobile=\"1\" column_margin=\"0\"][vc_empty_space height=\"100px\"][\/vc_column][\/vc_row]","cart-crossells-products":"0","product-pages-upsell-products-carousel":"1","product-pages-related-products-carousel":"1","related-products-amount":"10","related-products-grid":"4","product-pages-breadcrumbs":"1","product-pages-ajax-addtocart":"1","product-pages-meta-information":"1","product-pages-social-share":"1","product-pages-quantity":"1","product-page-botom-bar":"1","product-page-botom-bar-wishlist":"0","product-pages-desc-tab-enable":"1","product-pages-info-tab-enable":"1","product-pages-tab-type":"tabs","product-pages-reviews-position":"1","product-pages-size-guide-link-text":"Size Guide","product-pages-product-thumbnails-position":"thumbs-left","product-pages-thumbnails-first-images":"1","product-pages-image-zoom":"1","product-pages-image-lightbox":"1","product-pages-next-prev-product-arrows-enable":"1","product-pages-next-prev-product-arrows-position":"1","product-pages-product-image-arrows":"1","product-pages-layout":"6","product-pages-description-alignment":"center","product-pages-description-vertical-alignment":"middle","product-pages-buttons-layout":"2","shop-page-product-filters":"1","shop-page-product-filters-position":"after-centered","shop-page-product-filters-style":"2","shop-page-product-filter-category":"1","shop-page-product-filter-attributes":"1","shop-page-product-filter-tag":"","shop-page-product-filter-price":"1","shop-page-product-filter-element-all":"1","shop-page-product-filter-order":"1","shop-page-hide-default-order":"0","products-layout":"no-sidebar","products-sidebar":"shop","products-sidebar-size":"3","shop-listing-pagination-type":"loadmore","shop-listing-loadin-animation":"fadeinbottom","shop-page-products-grid-centered":"1","shop-page-products-grid-mobile":"2","shop-page-products-max-width":"","shop-page-products-per-page":"12","shop-page-products-thumbnail-styles":"bottom-line-moveup","shop-page-products-thumbnail-type":"2","shop-page-products-carousel-thumbnail-type":"1","shop-page-products-thumbnail-carousel-arrows":"1","shop-page-products-thumbnail-carousel-dots":"1","shop-page-details-alignment":"center","shop-page-elements-addtocart":"1","shop-page-elements-addtocart-hover":"1","shop-page-elements-category":"1","shop-page-quickview":"1","shop-page-quickview-button-sticky":"1","shop-page-quickview-text":"Quick view","shop-page-quickview-icon":"","shop-page-override_ti_wishlist":"1","shop-page-grid-banner-enabled1":"1","shop-page-grid-banner-position1":"4","grid-banner-background-1":{"background-color":"#f7f7f6","background-repeat":"no-repeat","background-size":"cover","background-attachment":"scroll","background-position":"center center","background-image":"","media":{"id":"","height":"","width":"","thumbnail":""}},"shop-page-grid-banner1":"<img class=\"aligncenter size-full wp-image-1273\" style=\"max-width: 80px; max-height: 80px;\" src=\"http:\/\/vavenue.lifeis.design\/demos\/vavenue-manshop\/wp-content\/uploads\/2018\/03\/thread-color.svg\" alt=\"\" \/>\r\n[vc_empty_space height=\"30px\"]\r\n<h6>Get the perfect style &amp; fit<\/h6>\r\n<h2>Made to Order<\/h2>\r\n[vc_empty_space height=\"30px\"]\r\n[av5_buttons title=\"ORDER NOW\" style=\"underlined\" colorset=\"custom\" align=\"center\" link=\"url:%23|||\" custom_background=\"#b58672\" custom_text=\"#b58672\" custom_background_hover=\"#b58672\" custom_text_hover=\"#b58672\"]","shop-page-grid-banner-valign1":"center","shop-page-grid-banner-enabled2":"1","shop-page-grid-banner-position2":"9","grid-banner-background-2":{"background-color":"#f7f7f6","background-repeat":"no-repeat","background-size":"cover","background-attachment":"scroll","background-position":"center center","background-image":"","media":{"id":"","height":"","width":"","thumbnail":""}},"shop-page-grid-banner2":"<img class=\"aligncenter size-full wp-image-1280\" style=\"max-width: 70px; max-height: 70px;\" src=\"http:\/\/vavenue.lifeis.design\/demos\/vavenue-manshop\/wp-content\/uploads\/2018\/03\/stamp-color.svg\" alt=\"\" \/>\r\n[vc_empty_space height=\"30px\"]\r\n<h3>Join Our Newsletter<\/h3>\r\n<p class=\"hide-on-mobile hide-on-tablet\">And two newsletters per month with our best high quality images<\/p>\r\n[mc4wp_form id=\"103\"]","shop-page-grid-banner-valign2":"center","products-titlearea-show":"1","products-titlearea-type":"standard","products-titlearea-categories":"0","products-titlearea-categories-all":"","products-titlearea-breadcrumbs":"1","products-titlearea-title":"1","products-titlearea-text-color-style":"default","products-titlearea-title-color":{"color":"#536374","alpha":"1","rgba":"rgba(83,99,116,1)"},"products-titlearea-subtitle-color":{"color":"#000000","alpha":"1","rgba":"rgba(0,0,0,1)"},"products-titlearea-text-above":"","products-titlearea-hero-additional-content":"","products-titlearea-background":{"background-color":"","background-image":"","media":{"id":"","height":"","width":"","thumbnail":"http:\/\/vavenue.lifeis.design\/demos\/vavenue-manshop\/wp-content\/uploads\/2018\/06\/about-me-150x150.jpg"}},"products-titlearea-hero-height":{"height":"400px","units":"px"},"products-titlearea-hero-effect":"parallax","products-titlearea-hero-overlay-color":"","products-titlearea-hero-overlay-opacity":"40","products-titlearea-meta":"1","social-url-twitter":"http:\/\/twitter.com","social-url-facebook":"#","social-url-google":"#","social-url-vimeo":"#","social-url-instagram":"#","social-url-youtube":"#","social-url-vk":"#","social-url-pinterest":"#","enable-above-footer-area":"0","full-width-above-footer-area":"1","above-footer-area-content-type":"area","above-footer-area-content-page":"","above-footer-area-content":"","footer-newsletter-enable":"1","footer-newsletter-title":"Join Our Newsletter","footer-newsletter-text":"Sign up to our newsletter and be the first to hear the latest offers","footer-newsletter-mailchimp-form":"103","full-width-footer-area":"0","enable-footer-widget-area":"0","center-footer-widgets":"0","center-vertically-footer-widgets":"0","footer-widget-area-columns":"3","enable-footer-copyright-area":"1","footer-copyright-layout":"layout-1","enable-footer-copyright-area-social":"0","footer-copyright-content":"<p style=\"margin-bottom: 0;\">\u00a9[the-year] [site-name] \u00b7 Made with love by\u00a0<a href=\"#\">Life is Design<\/a><\/p>\r\n<p style=\"display: block;\">24 5th Ave, New York<\/p>\r\n<div style=\"display: block;\">[av5_social align=\"center\" instagram=\"true\" facebook=\"true\" twitter=\"true\" google=\"true\" pinterest=\"true\" vimeo=\"\" youtube=\"\" vk=\"\"]<\/div>","enable-footer-button":"0","footer-button-text":"<i class=\"fa fa-envelope\"><\/i> &nbsp;Contact us!","footer-buttons-elusive-icons":"","footer-button-link":"[modal-window id=\"contacts\"]","font-body":{"font-family":"Poppins","font-options":"","google":"1","font-backup":"","font-weight":"400","font-style":"","subsets":"","text-transform":"","font-size":"15px","line-height":"28px","letter-spacing":""},"font-blog-post":{"font-family":"Poppins","font-options":"","google":"1","font-backup":"","font-weight":"400","font-style":"","subsets":"","text-transform":"","font-size":"16px","line-height":"31px","letter-spacing":""},"font-blog-listing-title":{"font-family":"butler_medium-webfont","font-options":"","google":"1","font-backup":"","font-weight":"400","font-style":"","subsets":"","text-transform":"","font-size":"30px","line-height":"34px","letter-spacing":"0px"},"font-widget-title":{"font-family":"Poppins","font-options":"","google":"1","font-backup":"","font-weight":"600","font-style":"","subsets":"","text-transform":"","font-size":"16px","line-height":"22px","letter-spacing":""},"font-hero-title":{"font-family":"butler_regular-webfont","font-options":"","google":"1","font-backup":"","font-weight":"","font-style":"","subsets":"","text-transform":"","font-size":"72px","line-height":"78px","letter-spacing":""},"font-h1":{"font-family":"butler_regular-webfont","font-options":"","google":"1","font-backup":"","font-weight":"","font-style":"","subsets":"","text-transform":"","font-size":"72px","line-height":"72px","letter-spacing":""},"font-h2":{"font-family":"butler_medium-webfont","font-options":"","google":"1","font-backup":"","font-weight":"","font-style":"","subsets":"","text-transform":"","font-size":"48px","line-height":"48px","letter-spacing":""},"font-h3":{"font-family":"butler_medium-webfont","font-options":"","google":"1","font-backup":"","font-weight":"","font-style":"","subsets":"","text-transform":"","font-size":"36px","line-height":"36px","letter-spacing":""},"font-h4":{"font-family":"butler_medium-webfont","font-options":"","google":"1","font-backup":"","font-weight":"","font-style":"","subsets":"","text-transform":"","font-size":"26px","line-height":"26px","letter-spacing":""},"font-h5":{"font-family":"Cormorant Garamond","font-options":"","google":"1","font-backup":"","font-weight":"600","font-style":"","subsets":"","text-transform":"","font-size":"22px","line-height":"22px","letter-spacing":""},"font-h6":{"font-family":"Poppins","font-options":"","google":"1","font-backup":"","font-weight":"600","font-style":"","subsets":"","text-transform":"uppercase","font-size":"14px","line-height":"18px","letter-spacing":""},"font-small-fancy":{"font-family":"Poppins","font-options":"","google":"1","font-backup":"","font-weight":"600","font-style":"","subsets":"","text-transform":"uppercase","font-size":"12px","line-height":"12px","letter-spacing":"2px"},"font-main-menu":{"font-family":"Poppins","font-options":"","google":"1","font-backup":"","font-weight":"500","font-style":"","subsets":"","text-transform":"","font-size":"14px","line-height":"14px","letter-spacing":""},"font-main-menu-drop":{"font-family":"Poppins","font-options":"","google":"1","font-backup":"","font-weight":"500","font-style":"","subsets":"","text-transform":"","font-size":"13px","line-height":"13px","letter-spacing":""},"font-slideout-menu":{"font-family":"Poppins","font-options":"","google":"1","font-backup":"","font-weight":"400","font-style":"","subsets":"","text-transform":"","font-size":"32px","line-height":"32px","letter-spacing":"","color":""},"font-fullscreen-search":{"font-family":"butler_medium-webfont","font-options":"","google":"1","font-backup":"","font-weight":"400","font-style":"","subsets":"","text-transform":"","font-size":"32px","line-height":"32px","letter-spacing":""},"font-shop-page-title":{"font-family":"Cormorant","font-options":"","google":"1","font-backup":"","font-weight":"600","font-style":"","subsets":"","text-transform":"","font-size":"30px","line-height":"30px","letter-spacing":""},"font-shop-page-price-addtocart":{"font-family":"Vidaloka","font-options":"","google":"1","font-backup":"","font-weight":"400","font-style":"","subsets":"latin","text-transform":"","font-size":"18px","line-height":"22px","letter-spacing":""},"font-product-page-title":{"font-family":"Cormorant","font-options":"","google":"1","font-backup":"","font-weight":"600","font-style":"","subsets":"","text-transform":"","font-size":"48px","line-height":"48px","letter-spacing":""},"font-product-page-price-addtocart":{"font-family":"Vidaloka","font-options":"","google":"1","font-backup":"","font-weight":"400","font-style":"","subsets":"latin","text-transform":"","font-size":"26px","line-height":"26px","letter-spacing":""},"fonts-tablet-h1-hero":"60","fonts-tablet-h1":"60","fonts-tablet-h2":"44","fonts-tablet-h3":"34","fonts-tablet-h4":"22","fonts-tablet-h5":"20","fonts-mobile-h1-hero":"48","fonts-mobile-h1":"46","fonts-mobile-h2":"36","fonts-mobile-h3":"30","fonts-mobile-h4":"20","fonts-mobile-h5":"18","fonts-xsmobile-h1":"38","fonts-xsmobile-h2":"30","fonts-xsmobile-h3":"23","fonts-xsmobile-h4":"20","custom_css_code_area":"","custom_js_code_area":"","redux-backup":"1"}