{"last_tab":"19","website-width-slider":"1400","website-layout":"layout-passepartout","layout-passepartout-frame":"1","layout-passepartout-horizontal":"1","layout-passepartout-frame-modals":"1","has-nice-scroll":"0","smooth-scroll":"1","back-to-top-button":"1","back-to-top-button-mobile":"","carousel-arrows-position":"inside","min-js":"0","min-css":"0","enable-page-transitions":"1","page-preloader-style":"2","page-preloader-image-select":"custom","page-preloader-image":{"url":"http:\/\/vavenue.lifeis.design\/demos\/vavenue-fave\/wp-content\/uploads\/2018\/05\/loader-fave.png","id":"1569","height":"24","width":"109","thumbnail":"http:\/\/vavenue.lifeis.design\/demos\/vavenue-fave\/wp-content\/uploads\/2018\/05\/loader-fave.png","title":"loader-fave","caption":"","alt":"","description":""},"google-analytics-code-area":"","header-over-content":"0","header-always-on-top":"1","full-width-header":"1","header-height":{"height":"60px","units":"px"},"header-side-paddings":{"width":"20px","units":"px"},"header-items-spacing":{"width":"5px","units":"px"},"menu-items-spacing":{"width":"24px","units":"px"},"header-layout-select":"header-v4","header-elements-sorter":{"Header Left":{"placebo":"placebo","slideout":"Slide Out Menu","textarea1":"Text area 1"},"Header Right":{"placebo":"placebo","search":"Search","myaccount":"My account","wishlist":"Wishlist","cart":"Cart"},"Disabled":{"placebo":"placebo","textarea2":"Text area 2"}},"header-layout-textarea1":"<a href=\"#\">Need help?<\/a> \u00a0 +1-541-754-3010","header-layout-textarea2":"","header-cart-type":"canvas-slide","header-cart-promo-text":"Free shipping on orders over $100","header-burger-menu-type":"header-burger-menu-canvas-slide","header-burger-menu-hover":"slideout-menu--click","header-burger-menu-icon-style":"av5-menu-icon__style--twolines","header-burger-menu-text":"","header-burger-menu-textarea":"<p style=\"font-size: 14px; margin-bottom: 0;\">\u00a92018 FifthAvenue | Theme by <a href=\"http:\/\/lifeis.design\/\">Life is Design<\/a><\/p>\r\n<p style=\"font-size: 14px;\">24 5th Ave, New York<\/p>","header-login-type":"header-login-fullscreen","header-search-icon-type":"icon-search","header-search-type":"fullscreen-search","header-search-hover":"slideout-search--click","header-search-product":"product","header-search-product-cats":"1","header-cart-counter-show":"0","header-cart-text-circle":"1","header-cart-text":"","website-logo":{"url":"http:\/\/vavenue.lifeis.design\/demos\/vavenue-fave\/wp-content\/uploads\/2018\/05\/fave-logo.png","id":"1481","height":"24","width":"109","thumbnail":"http:\/\/vavenue.lifeis.design\/demos\/vavenue-fave\/wp-content\/uploads\/2018\/05\/fave-logo.png","title":"fave-logo","caption":"","alt":"","description":""},"website-retina-logo":{"url":"http:\/\/vavenue.lifeis.design\/demos\/vavenue-fave\/wp-content\/uploads\/2018\/05\/fave-logo2x.png","id":"1878","height":"48","width":"218","thumbnail":"http:\/\/vavenue.lifeis.design\/demos\/vavenue-fave\/wp-content\/uploads\/2018\/05\/fave-logo2x-150x48.png","title":"fave-logo2x","caption":"","alt":"","description":""},"website-white-logo":{"url":"","id":"","height":"","width":"","thumbnail":"","title":"","caption":"","alt":"","description":""},"website-white-retina-logo":{"url":"","id":"","height":"","width":"","thumbnail":"","title":"","caption":"","alt":"","description":""},"website-alt-logo":{"url":"","id":"","height":"","width":"","thumbnail":"","title":"","caption":"","alt":"","description":""},"website-alt-retina-logo":{"url":"","id":"","height":"","width":"","thumbnail":"","title":"","caption":"","alt":"","description":""},"logo-max-height":{"height":"62px","units":"px"},"logo-font-options":{"font-family":"Georgia, serif","font-options":"","google":"1","font-backup":"","font-weight":"700","font-style":"","subsets":"","text-transform":"","font-size":"22px","line-height":"22px","letter-spacing":""},"enable-sticky-header":"1","sticky-header-resizing":"0","sticky-header-alt-logo":"0","header-mobile-visibility":"mobile-header--tablet-landscape","header-mobile-layout":"menu-left","header-mobile-sticky":"1","header-mobile-logo-alternative":"0","header-mobile-search-show":"1","mobile-header-search-type":"fullscreen-search","header-mobile-cart-show":"1","header-mobile-wishlist-show":"1","header-mobile-account-show":"","header-mobile-topline-textarea":"","page-layout":"no-sidebar","page-sidebar":"","page-sidebar-size":"3","page-titlearea-show":"1","page-titlearea-type":"hero","page-titlearea-breadcrumbs":"","page-titlearea-title":"1","page-titlearea-text-color-style":"default","page-titlearea-title-color":{"color":"#000000","alpha":"1","rgba":"rgba(0,0,0,1)"},"page-titlearea-subtitle-color":{"color":"#000000","alpha":"1","rgba":"rgba(0,0,0,1)"},"page-titlearea-text-above":"","page-titlearea-hero-additional-content":"","page-titlearea-background":{"background-color":"#f7f7f7","background-image":"","media":{"id":"","height":"","width":"","thumbnail":""}},"page-titlearea-hero-height":{"height":"400px","units":"px"},"page-titlearea-hero-effect":"parallax","page-titlearea-revslider-sliders-alias":"","page-titlearea-hero-overlay-color":"transparent","page-titlearea-hero-overlay-opacity":"0","posts-layout":"fullwidth","blog-listing-style":"masonry","blog-listing-masonry-columns":"4","blog-listing-align":"left","blog-listing-readmore-style":"line-left","blog-listing-hover-style":"zoom-img","posts-titlearea-meta":"1","posts-titlearea-meta-all":"","blog-listing-description":"none","blog-listing-meta-show":"0","blog-listing-readmore-text":"READ MORE","blog-listing-category-show":"1","blog-listing-image-size":{"width":"500px","height":"700px","units":"px"},"blog-pagination-type":"infinitescroll","blog-loadin-animation":"fadein","blog-search-posts-only":"","blog-post-meta":"above-below-title","blog-post-date-show":"1","blog-post-tags":"1","blog-post-author-show":"0","blog-post-author-centered":"1","blog-post-category-show":"1","blog-post-next-prev":"1","blog-post-next-prev-white":"0","blog-post-next-prev-style":"next-prev-style--links","blog-post-next-only":"0","blog-post-social-share":"1","blog-post-social-facebook":"1","blog-post-social-twitter":"1","blog-post-social-google":"1","blog-post-social-pinterest":"1","posts-header-white-style":"0","posts-titlearea-show":"1","posts-titlearea-type":"standard","posts-titlearea-title":"1","posts-titlearea-text-color-style":"default","posts-titlearea-title-color":{"color":"#000000","alpha":"1","rgba":"rgba(0,0,0,1)"},"posts-titlearea-subtitle-color":{"color":"#000000","alpha":"1","rgba":"rgba(0,0,0,1)"},"posts-titlearea-text-above":"","posts-titlearea-hero-additional-content":"","posts-titlearea-background":{"background-color":"","background-image":"","media":{"id":"","height":"","width":"","thumbnail":""}},"posts-titlearea-hero-height":{"height":"460px","units":"px"},"posts-titlearea-hero-effect":"none","posts-titlearea-revslider-sliders-alias":"","posts-titlearea-hero-overlay-color":"#000000","posts-titlearea-hero-overlay-opacity":"0","post-titlearea-show":"1","post-titlearea-type":"standard","post-titlearea-breadcrumbs":"","post-titlearea-title":"1","post-titlearea-text-color-style":"default","post-titlearea-title-color":{"color":"#000000","alpha":"1","rgba":"rgba(0,0,0,1)"},"post-titlearea-subtitle-color":{"color":"#000000","alpha":"1","rgba":"rgba(0,0,0,1)"},"post-titlearea-text-above":"","post-titlearea-hero-additional-content":"","post-titlearea-background":{"background-color":"","background-image":"","media":{"id":"","height":"","width":"","thumbnail":""}},"post-titlearea-hero-height":{"height":"600px","units":"px"},"post-titlearea-hero-effect":"parallax","post-titlearea-revslider-sliders-alias":"","post-titlearea-hero-overlay-color":"#000000","post-titlearea-hero-overlay-opacity":"40","shopping-cart-icon-select":"1","woocommerce-mini-cart-limit-product":"12","mini-cart-show-when-added":"1","empty-cart-content-show":"1","empty-cart-content":"<h2 style=\"text-align: center;\">May We Suggest<\/h2>\r\n<p style=\"text-align: center;\">Check some of our best selling products<\/p>\r\n[vc_row][vc_column][recent_products_carousel limit=\"8\" column_desktop=\"4\" column_desktop_small=\"3\" column_table=\"2\" column_mobile=\"1\" column_margin=\"0\"][vc_empty_space height=\"100px\"][\/vc_column][\/vc_row]","cart-crossells-products":"0","product-pages-upsell-products-carousel":"0","product-pages-related-products-carousel":"1","related-products-amount":"10","related-products-grid":"5","product-pages-breadcrumbs":"0","product-pages-ajax-addtocart":"1","product-pages-meta-information":"0","product-pages-social-share":"1","product-pages-quantity":"1","product-page-botom-bar":"0","product-page-botom-bar-wishlist":"1","product-pages-desc-tab-enable":"0","product-pages-info-tab-enable":"0","product-pages-tab-type":"tabs","product-pages-reviews-position":"2","product-pages-size-guide-link-text":"Size Guide","product-pages-product-thumbnails-position":"thumbs-below","product-pages-thumbnails-first-images":"0","product-pages-image-zoom":"0","product-pages-image-lightbox":"1","product-pages-next-prev-product-arrows-enable":"1","product-pages-next-prev-product-arrows-position":"1","product-pages-product-image-arrows":"1","product-pages-layout":"7","product-pages-description-alignment":"left","product-pages-description-vertical-alignment":"top","product-pages-buttons-layout":"1","shop-page-product-filters":"1","shop-page-product-filters-position":"after-left","shop-page-product-filters-style":"1","shop-page-product-filter-category":"0","shop-page-product-filter-attributes":"1","shop-page-product-filter-tag":"","shop-page-product-filter-price":"1","shop-page-product-filter-element-all":"1","shop-page-product-filter-order":"1","shop-page-hide-default-order":"","products-layout":"fullwidth","products-sidebar":"shop","products-sidebar-size":"3","shop-listing-pagination-type":"loadmore","shop-listing-loadin-animation":"fadein","shop-page-products-grid-centered":"1","shop-page-products-grid-mobile":"2","shop-page-products-max-width":"","shop-page-products-per-page":"15","shop-page-products-thumbnail-styles":"shadow-box-hover","shop-page-products-thumbnail-type":"2","shop-page-products-carousel-thumbnail-type":"1","shop-page-products-thumbnail-carousel-arrows":"1","shop-page-products-thumbnail-carousel-dots":"1","shop-page-details-alignment":"center","shop-page-elements-addtocart":"1","shop-page-elements-addtocart-hover":"1","shop-page-elements-category":"1","shop-page-quickview":"0","shop-page-quickview-button-sticky":"1","shop-page-quickview-text":"Quick view","shop-page-quickview-icon":"0","shop-page-override_ti_wishlist":"0","shop-page-grid-banner-enabled1":"1","shop-page-grid-banner-position1":"7","grid-banner-background-1":{"background-color":"#fafafa","background-repeat":"no-repeat","background-size":"cover","background-attachment":"scroll","background-position":"center center","background-image":"http:\/\/vavenue.lifeis.design\/demos\/vavenue-fave\/wp-content\/uploads\/2018\/05\/banner-grid.jpg","media":{"id":"1989","height":"500","width":"500","thumbnail":"http:\/\/vavenue.lifeis.design\/demos\/vavenue-fave\/wp-content\/uploads\/2018\/05\/banner-grid-150x150.jpg"}},"shop-page-grid-banner1":"<h2 style=\"color: #fff;\">Sale<\/h2>\r\n<p style=\"color: #fff;\">Ends Monday! In stores &amp; online. Some exclusions may apply<\/p>","shop-page-grid-banner-valign1":"center","shop-page-grid-banner-enabled2":"","shop-page-grid-banner-position2":"0","grid-banner-background-2":{"background-color":"#fafafa","background-repeat":"no-repeat","background-size":"cover","background-attachment":"scroll","background-position":"center center","background-image":"http:\/\/vavenue.lifeis.design\/demos\/vavenue-fave\/wp-content\/uploads\/2018\/05\/banner-shirts.jpg","media":{"id":"827","height":"582","width":"402","thumbnail":"http:\/\/vavenue.lifeis.design\/demos\/vavenue-fave\/wp-content\/uploads\/2018\/05\/banner-shirts-150x150.jpg"}},"shop-page-grid-banner2":"[vc_empty_space height=\"30px\"]\r\n<h3 style=\"font-size: 18px; line-height: 1; color: #bda481;\">An effortlessly stylish<\/h3>\r\n<h2 style=\"margin-bottom: 0;\">Exclusive<\/h2>\r\n<h2>Men's Shirts<\/h2>","shop-page-grid-banner-valign2":"top","products-titlearea-show":"1","products-titlearea-type":"hero","products-titlearea-categories":"1","products-titlearea-categories-all":"","products-titlearea-breadcrumbs":"","products-titlearea-title":"1","products-titlearea-text-color-style":"white","products-titlearea-title-color":{"color":"#000000","alpha":"1","rgba":"rgba(0,0,0,1)"},"products-titlearea-subtitle-color":{"color":"#000000","alpha":"1","rgba":"rgba(0,0,0,1)"},"products-titlearea-text-above":"ready - to - wear","products-titlearea-hero-additional-content":"","products-titlearea-background":{"background-color":"#f7f7f7","background-image":"http:\/\/vavenue.lifeis.design\/demos\/vavenue-fave\/wp-content\/uploads\/2018\/05\/womn-category-title-area-1.jpg","media":{"id":"1688","height":"688","width":"1841","thumbnail":"http:\/\/vavenue.lifeis.design\/demos\/vavenue-fave\/wp-content\/uploads\/2018\/05\/womn-category-title-area-1-150x150.jpg"}},"products-titlearea-hero-height":{"height":"600px","units":"px"},"products-titlearea-hero-effect":"parallax","products-titlearea-revslider-sliders-alias":"","products-titlearea-hero-overlay-color":"#25211e","products-titlearea-hero-overlay-opacity":"31","products-titlearea-meta":"1","social-url-twitter":"#","social-url-facebook":"#","social-url-google":"#","social-url-vimeo":"","social-url-instagram":"#","social-url-youtube":"","social-url-vk":"","social-url-pinterest":"","enable-above-footer-area":"1","full-width-above-footer-area":"0","above-footer-area-content-type":"area","above-footer-area-content-page":"","above-footer-area-content":"<div class=\"av5_force_fullwidth\" style=\"padding-top: 40px; padding-bottom: 40px !important; background-color: #f5f5f3 !important;\">\r\n<div class=\"container\">\r\n\r\n[vc_column width=\"1\/4\" align_content=\"left\" align_content_mobile=\"center\"][av5_text_with_icon type=\"typicons\" icon_typicons=\"typcn typcn-plane-outline\" font_size=\"21\"]\r\n<p style=\"line-height: 1;\"><strong>FREE SHIPPING WORLDWIDE<\/strong><\/p>\r\n[\/av5_text_with_icon][\/vc_column][vc_column width=\"1\/4\" align_content_mobile=\"center\"][av5_text_with_icon type=\"typicons\" icon_typicons=\"typcn typcn-arrow-sync-outline\" font_size=\"21\"]\r\n<p style=\"line-height: 1;\"><strong>FREE RETURNS WORLDWIDE<\/strong><\/p>\r\n[\/av5_text_with_icon][\/vc_column][vc_column width=\"1\/4\" align_content_mobile=\"center\"][av5_text_with_icon type=\"typicons\" icon_typicons=\"typcn typcn-starburst-outline\" font_size=\"21\"]\r\n<p style=\"line-height: 1;\"><strong>WARRANTY\u00a0ON ALL PRODUCTS<\/strong><\/p>\r\n[\/av5_text_with_icon][\/vc_column][vc_column width=\"1\/4\" align_content_mobile=\"center\"][av5_text_with_icon type=\"typicons\" icon_typicons=\"typcn typcn-lock-closed-outline\" font_size=\"21\"]\r\n<p style=\"line-height: 1;\"><strong>100% SAFE &amp; SECURE CHECKOUT<\/strong><\/p>\r\n[\/av5_text_with_icon][\/vc_column]\r\n\r\n<\/div>\r\n<\/div>","footer-newsletter-enable":"1","footer-newsletter-title":"Join Our Newsletter","footer-newsletter-text":"Sign up for email updates on our latest collections and promotions.","footer-newsletter-mailchimp-form":"89","full-width-footer-area":"1","enable-footer-widget-area":"0","center-footer-widgets":"1","center-vertically-footer-widgets":"","footer-widget-area-columns":"1","enable-footer-copyright-area":"1","footer-copyright-layout":"layout-4","enable-footer-copyright-area-social":"1","footer-copyright-content":"\u00a9[the-year] [site-name]","enable-footer-button":"0","footer-button-text":"","footer-buttons-elusive-icons":"","footer-button-link":"","font-body":{"font-family":"Poppins","font-options":"","google":"1","font-backup":"","font-weight":"500","font-style":"","subsets":"latin","text-transform":"","font-size":"14px","line-height":"26px","letter-spacing":"0px"},"font-blog-post":{"font-family":"Poppins","font-options":"","google":"1","font-backup":"","font-weight":"500","font-style":"","subsets":"","text-transform":"","font-size":"16px","line-height":"30px","letter-spacing":""},"font-blog-listing-title":{"font-family":"Playfair Display","font-options":"","google":"1","font-backup":"","font-weight":"900","font-style":"","subsets":"","text-transform":"","font-size":"30px","line-height":"36px","letter-spacing":"2px"},"font-widget-title":{"font-family":"Poppins","font-options":"","google":"1","font-backup":"","font-weight":"600","font-style":"","subsets":"","text-transform":"","font-size":"20px","line-height":"28px","letter-spacing":"0px"},"font-hero-title":{"font-family":"Playfair Display","font-options":"","google":"1","font-backup":"","font-weight":"900","font-style":"","subsets":"","text-transform":"","font-size":"72px","line-height":"78px","letter-spacing":"4px"},"font-h1":{"font-family":"Playfair Display","font-options":"","google":"1","font-backup":"","font-weight":"900","font-style":"","subsets":"","text-transform":"","font-size":"72px","line-height":"72px","letter-spacing":"10px"},"font-h2":{"font-family":"Playfair Display","font-options":"","google":"1","font-backup":"","font-weight":"900","font-style":"","subsets":"","text-transform":"","font-size":"48px","line-height":"48px","letter-spacing":"4px"},"font-h3":{"font-family":"Playfair Display","font-options":"","google":"1","font-backup":"","font-weight":"900","font-style":"","subsets":"","text-transform":"","font-size":"36px","line-height":"36px","letter-spacing":"4px"},"font-h4":{"font-family":"Playfair Display","font-options":"","google":"1","font-backup":"","font-weight":"700","font-style":"","subsets":"","text-transform":"","font-size":"26px","line-height":"26px","letter-spacing":""},"font-h5":{"font-family":"Poppins","font-options":"","google":"1","font-backup":"","font-weight":"600","font-style":"","subsets":"","text-transform":"","font-size":"22px","line-height":"22px","letter-spacing":""},"font-h6":{"font-family":"Poppins","font-options":"","google":"1","font-backup":"","font-weight":"600","font-style":"","subsets":"","text-transform":"","font-size":"18px","line-height":"18px","letter-spacing":""},"font-small-fancy":{"font-family":"Montserrat","font-options":"","google":"1","font-backup":"","font-weight":"600","font-style":"","subsets":"","text-transform":"","font-size":"12px","line-height":"16px","letter-spacing":"12px"},"font-main-menu":{"font-family":"Montserrat","font-options":"","google":"1","font-backup":"","font-weight":"600","font-style":"","subsets":"","text-transform":"uppercase","font-size":"12px","line-height":"12px","letter-spacing":"1px"},"font-main-menu-drop":{"font-family":"Poppins","font-options":"","google":"1","font-backup":"","font-weight":"500","font-style":"","subsets":"","text-transform":"none","font-size":"13px","line-height":"13px","letter-spacing":"0px"},"font-slideout-menu":{"font-family":"Playfair Display","font-options":"","google":"1","font-backup":"","font-weight":"700","font-style":"","subsets":"","text-transform":"","font-size":"36px","line-height":"36px","letter-spacing":"","color":""},"font-fullscreen-search":{"font-family":"Poppins","font-options":"","google":"1","font-backup":"","font-weight":"700","font-style":"","subsets":"","text-transform":"","font-size":"48px","line-height":"70px","letter-spacing":""},"font-shop-page-title":{"font-family":"Playfair Display","font-options":"","google":"1","font-backup":"","font-weight":"700","font-style":"","subsets":"","text-transform":"initial","font-size":"16px","line-height":"19px","letter-spacing":"1px"},"font-shop-page-price-addtocart":{"font-family":"Poppins","font-options":"","google":"1","font-backup":"","font-weight":"500","font-style":"","subsets":"latin","text-transform":"","font-size":"15px","line-height":"15px","letter-spacing":"0px"},"font-product-page-title":{"font-family":"Playfair Display","font-options":"","google":"1","font-backup":"","font-weight":"900","font-style":"","subsets":"","text-transform":"","font-size":"40px","line-height":"44px","letter-spacing":"1px"},"font-product-page-price-addtocart":{"font-family":"Heebo","font-options":"","google":"1","font-backup":"","font-weight":"700","font-style":"","subsets":"latin","text-transform":"","font-size":"24px","line-height":"24px","letter-spacing":""},"custom_css_code_area":"","custom_js_code_area":"","smooth-scroll-links":false,"posts-sidebar-size":"3","fonts-tablet-h1-hero":"60","fonts-tablet-h1":"60","fonts-tablet-h2":"44","fonts-tablet-h3":"34","fonts-tablet-h4":"22","fonts-tablet-h5":"20","fonts-mobile-h1-hero":"48","fonts-mobile-h1":"46","fonts-mobile-h2":"36","fonts-mobile-h3":"30","fonts-mobile-h4":"20","fonts-mobile-h5":"18","fonts-xsmobile-h1":"38","fonts-xsmobile-h2":"30","fonts-xsmobile-h3":"23","fonts-xsmobile-h4":"20","redux-backup":"1"}